{"epoch": 52, "train_loss": [0.6091620216793769, 0.5880625295349852, 0.5658610889291507, 0.5733264646118863, 0.5288523835634606, 0.5387305356260901, 0.5355663655421162, 0.542845679662941, 0.525222021011972, 0.5056144158152557, 0.5065080788980597, 0.46756565269594885, 0.4450112087225336, 0.45701715518843455, 0.43173195060212016, 0.43925440070442756, 0.4311757963301358, 0.4233485711311716, 0.42140389545105217, 0.4156615872267443, 0.40782321856992265, 0.4044064595853543, 0.40513358411763234, 0.40313847712429385, 0.4039199102439006, 0.398730949250193, 0.4019723812524842, 0.39980274117539194, 0.4096832181806513, 0.4007330410323053, 0.3954229051212095, 0.39901389354322797, 0.4004971932047461, 0.4008804419933946, 0.3928121062462542, 0.39246334717922776, 0.4022539414646169, 0.3983643103159984, 0.39631828356463955, 0.4078687772435962, 0.40253893063074814, 0.3910417877278238, 0.3921116724248845, 0.39843885464006357, 0.39466285163340864, 0.4016831410782678, 0.39524961550120075, 0.4032316890286628, 0.3968081101574345, 0.39826038756942495, 0.39744457996116495, 0.39147804344118126, 0.3986547444708585], "valid_accs": [0.7275164747891654, 0.7813262362215206, 0.8009391853726662, 0.8366262439923232, 0.8431509666410789, 0.8365154022837747, 0.7834868790457562, 0.8390841323828816, 0.8498199243521581, 0.839366876244987, 0.8509343107383244, 0.8598431532256199, 0.8717353588659569, 0.8704087702914929, 0.8690782688154755, 0.8516304742642552, 0.8603221027967382, 0.8602663829181341, 0.862274917788526, 0.8714069179874568, 0.8615486486532918, 0.8719878954619807, 0.8704901804139356, 0.8704950538068127, 0.8745585912439965, 0.8688346084212301, 0.8771428060463703, 0.8695889234608404, 0.8747311107527654, 0.8738027981153359, 0.8790936535940906, 0.8764006283294267, 0.8676360452718512, 0.8737881626329124, 0.8777578757521256, 0.8775391004335706, 0.8809662450075565, 0.8766822468323995, 0.8828409798552245, 0.8659774200176676, 0.8773100046654416, 0.8730026698178704, 0.8810424341696234, 0.8735643557645322, 0.8723445343442469, 0.8742161157635493, 0.8691247617503539, 0.8734299933474613, 0.880721718250552, 0.8823135198071282, 0.8775951894997581, 0.8710445782577598, 0.8700527478141935], "valid_ious": [0.2241226536662955, 0.23292780662641713, 0.24985511654277184, 0.29603217071608495, 0.28288167967510064, 0.2867538232209259, 0.2522844162426497, 0.28334797683515045, 0.27988875872994723, 0.2912898769504146, 0.2955121758737062, 0.3128493436073002, 0.32902874052524567, 0.3268219668810305, 0.3273231014609337, 0.3059560217355427, 0.3297865353524685, 0.32739974381892306, 0.3311855879269148, 0.3297425904556325, 0.3319738444529082, 0.3301458957752115, 0.3389363016344999, 0.3488121769930187, 0.33576955254140656, 0.33172914856358576, 0.3417281030040038, 0.33246560463387714, 0.3368724906130841, 0.33358136682133926, 0.3536186626082973, 0.3451792793838601, 0.3300186346873249, 0.3348854091998778, 0.34345448526896927, 0.3313683628251678, 0.3316936155683116, 0.3372715601795598, 0.3457021972066478, 0.34116202828131226, 0.3348161248784316, 0.3350275049084111, 0.3411439735638468, 0.3500360587709828, 0.3294539374397381, 0.33618835279929427, 0.3434915123017211, 0.3431095386806287, 0.3586006988036005, 0.3322078217017023, 0.34346221426599904, 0.32305775955319405, 0.33495905524805974]}