{"epoch": 0, "train_loss": [0.6091620216793769], "valid_accs": [0.7275164747891654], "valid_ious": [0.2241226536662955]}